,region_id,legacy_id,station_id,capacity,longitude,name,latitude,short_name,region_name
0,41,1,1,15,-77.05323,Eads St & 15th St S,38.858971,31000,"Arlington, VA"
1,41,3,3,17,-77.049232,Crystal Dr & 20th St S,38.856425,31002,"Arlington, VA"
2,41,4,4,16,-77.049417,Crystal Dr & 15th St S,38.861056,31003,"Arlington, VA"
3,41,5,5,12,-77.05949,Aurora Hills Cmty Ctr / 18th St & S Hayes St,38.857866,31004,"Arlington, VA"
4,41,6,6,19,-77.059936,Pentagon City Metro / 12th St & S Hayes St,38.862303,31005,"Arlington, VA"
5,41,7,7,16,-77.06341624259947,Army Navy Dr & S Joyce St,38.86331354301248,31006,"Arlington, VA"
6,41,8,8,19,-77.05169767141342,Crystal City Metro / 18th St & S Bell St,38.85778509815245,31007,"Arlington, VA"
7,41,10,10,12,-77.051514,Crystal Dr & 27th St S,38.848466,31009,"Arlington, VA"
8,41,11,11,11,-77.0502,S Glebe Rd & Potomac Ave,38.8426,31010,"Arlington, VA"
9,41,12,12,17,-77.049723,Crystal Dr & 23rd St S,38.852929,31011,"Arlington, VA"
10,41,13,13,12,-77.05152,Clark St & 26th St S,38.850688,31012,"Arlington, VA"
11,42,14,14,15,-77.0429,19th St & Pennsylvania Ave NW,38.9003,31100,"Washington, DC"
12,42,15,15,31,-77.032096,14th & V St NW,38.9177645,31101,"Washington, DC"
13,42,16,16,39,-77.027822,11th & Kenyon St NW,38.929464,31102,"Washington, DC"
14,42,18,18,15,-77.042581,Adams Mill & Columbia Rd NW,38.922925,31104,"Washington, DC"
15,42,19,19,19,-77.0322,14th & Harvard St NW,38.9268,31105,"Washington, DC"
16,42,20,20,23,-77.047637,Calvert & Biltmore St NW,38.923203,31106,"Washington, DC"
17,42,21,21,19,-77.0388,Lamont & Mt Pleasant NW,38.9319,31107,"Washington, DC"
18,42,22,22,23,-77.0178975,4th & M St SW,38.876697,31108,"Washington, DC"
19,42,23,23,19,-77.03442692756653,15th & P St NW,38.90980062655191,31201,"Washington, DC"
20,42,24,24,19,-77.032008,14th & R St NW,38.913046,31202,"Washington, DC"
21,42,25,25,23,-77.0323,14th & Rhode Island Ave NW,38.9086,31203,"Washington, DC"
22,42,26,26,15,-77.045,20th & E St NW,38.8963,31204,"Washington, DC"
23,42,27,27,35,-77.04644858837128,21st & I St NW,38.90071062547463,31205,"Washington, DC"
24,42,28,28,19,-77.02418088912964,Georgia & New Hampshire Ave NW,38.9366839345886,31400,"Washington, DC"
25,42,29,29,19,-77.0328,14th St & Spring Rd NW,38.9375,31401,"Washington, DC"
26,42,30,30,11,-76.9955,John McCormack Dr & Michigan Ave NE,38.9346,31502,"Washington, DC"
27,42,31,31,19,-77.019027,5th & K St NW,38.90304,31600,"Washington, DC"
28,42,32,32,15,-76.9769,19th & East Capitol St SE,38.8896,31601,"Washington, DC"
29,42,33,33,35,-77.0315,Park Rd & Holmead Pl NW,38.9308,31602,"Washington, DC"
30,42,34,34,19,-76.969184,Good Hope & Naylor Rd SE,38.861663,31700,"Washington, DC"
31,42,35,35,11,-77.0575301349163,Connecticut Ave & Macomb St NW / Cleveland Park,38.93362634918731,31305,"Washington, DC"
32,42,36,36,11,-76.9607,Randle Circle & Minnesota Ave SE,38.878,31702,"Washington, DC"
33,42,37,37,15,-76.947446,Minnesota Ave Metro/DOES,38.897063,31703,"Washington, DC"
34,42,38,38,11,-76.941877,Nannie Helen Burroughs & Minnesota Ave NE,38.901385,31704,"Washington, DC"
35,42,39,39,19,-76.994637,Anacostia Metro,38.862669,31801,"Washington, DC"
36,42,40,40,11,-76.988039,Good Hope Rd & MLK Ave SE,38.867373,31802,"Washington, DC"
37,42,41,41,11,-77.0436,19th & E Street NW,38.8952,31206,"Washington, DC"
38,42,42,42,15,-77.000648,4th & W St NE,38.919077,31500,"Washington, DC"
39,42,43,43,15,-77.0259,10th & U St NW,38.9172,31111,"Washington, DC"
40,42,44,44,15,-77.0222,Georgia Ave & Fairmont St NW,38.9249,31207,"Washington, DC"
41,42,45,45,39,-77.00579434633255,1st & N St SE,38.874101857715736,31209,"Washington, DC"
42,42,46,46,15,-77.0446,20th St & Florida Ave NW,38.9154,31110,"Washington, DC"
43,42,47,47,15,-77.0222,7th & T St NW,38.9155,31109,"Washington, DC"
44,41,48,48,15,-77.05341160297394,Eads St & 22nd St S,38.85438051517749,31013,"Arlington, VA"
45,42,49,49,17,-77.0037,M St & New Jersey Ave SE,38.8763,31208,"Washington, DC"
46,42,51,51,45,-77.0444,Massachusetts Ave & Dupont Circle NW,38.9101,31200,"Washington, DC"
47,42,52,52,15,-77.005483,1st & M St NE,38.905697,31603,"Washington, DC"
48,42,53,53,19,-77.0473176240921,New Hampshire Ave & Ward Pl NW,38.90571079190728,31212,"Washington, DC"
49,42,54,54,23,-77.03863,17th & K St NW,38.90276,31213,"Washington, DC"
50,42,55,55,15,-77.015289,3rd & H St NW,38.899408,31604,"Washington, DC"
51,42,56,56,11,-77.0023,3rd & D St SE,38.8851,31605,"Washington, DC"
52,42,57,57,15,-76.9862,Potomac & Pennsylvania Ave SE,38.8803,31606,"Washington, DC"
53,42,58,58,15,-76.98790669441223,13th & E St SE,38.88291548476762,31607,"Washington, DC"
54,42,59,59,19,-77.0387,17th & Corcoran St NW,38.9121,31214,"Washington, DC"
55,42,60,60,15,-77.063896,Van Ness Metro / UDC,38.944551,31300,"Washington, DC"
56,42,61,61,15,-77.0135,Florida Ave & R St NW,38.9126,31503,"Washington, DC"
57,42,62,62,11,-76.9953,8th & Eye St SE / Barracks Row,38.8792,31608,"Washington, DC"
58,42,63,63,15,-77.087171,Ward Circle / American University,38.938736,31301,"Washington, DC"
59,42,64,64,19,-77.072755,Wisconsin Ave & Newark St NW,38.934881,31302,"Washington, DC"
60,42,65,65,11,-77.032818,14th St Heights / 14th & Crittenden St NW,38.947774,31402,"Washington, DC"
61,42,66,66,11,-76.9784,Anacostia Library,38.865784,31804,"Washington, DC"
62,42,67,67,11,-76.971015,Pennsylvania & Minnesota Ave SE,38.873057,31805,"Washington, DC"
63,42,68,68,15,-76.996806,Eastern Market / 7th & North Carolina Ave SE,38.886952,31610,"Washington, DC"
64,42,69,69,23,-77.031686,14th St & New York Ave NW,38.899632,31216,"Washington, DC"
65,42,70,70,11,-76.947974,Benning Branch Library,38.894,31705,"Washington, DC"
66,42,71,71,39,-77.02824175357819,USDA / 12th & C St SW,38.88627694506511,31217,"Washington, DC"
67,42,72,72,19,-77.0591415,Georgetown Harbor / 30th St NW,38.902314,31215,"Washington, DC"
68,42,73,73,11,-76.991016,12th & Newton St NE,38.933668,31501,"Washington, DC"
69,42,74,74,15,-77.046587,US Dept of State / Virginia Ave & 21st St NW,38.894919,31220,"Washington, DC"
70,42,75,75,15,-77.022241,L'Enfant Plaza / 7th & C St SW,38.886266,31218,"Washington, DC"
71,42,76,76,31,-77.026013,10th St & Constitution Ave NW,38.893028,31219,"Washington, DC"
72,42,77,77,19,-77.05557,Kennedy Center,38.897293,31211,"Washington, DC"
73,42,78,78,19,-76.99523448944092,Eastern Market Metro / Pennsylvania Ave & 8th St SE,38.88409514578027,31613,"Washington, DC"
74,42,79,79,27,-77.04177886247635,18th & M St NW,38.90506687455313,31221,"Washington, DC"
75,42,80,80,15,-77.079382,Tenleytown / Wisconsin Ave & Albemarle St NW,38.947607,31303,"Washington, DC"
76,42,81,81,27,-76.98825001716614,13th & H St NE,38.90042673988099,31611,"Washington, DC"
77,42,82,82,31,-77.019347,5th & F St NW,38.897222,31620,"Washington, DC"
78,42,83,83,19,-77.03335404396057,New York Ave & 15th St NW,38.89903234416315,31222,"Washington, DC"
79,42,84,84,23,-77.02227,Convention Center / 7th & M St NW,38.905737,31223,"Washington, DC"
80,42,85,85,15,-77.043358,Harvard St & Adams Mill Rd NW,38.927872,31112,"Washington, DC"
81,42,86,86,19,-77.04245209693909,18th & L St NW,38.903741450919384,31224,"Washington, DC"
82,42,87,87,23,-77.06269,C & O Canal & Wisconsin Ave NW,38.90375,31225,"Washington, DC"
83,42,88,88,19,-77.02305436134338,Maine Ave & 7th St SW,38.878693599396954,31609,"Washington, DC"
84,42,89,89,23,-76.99591577053069,D St & Maryland Ave NE,38.89484064247075,31612,"Washington, DC"
85,42,90,90,11,-77.0682,34th St & Wisconsin Ave NW,38.916442,31226,"Washington, DC"
86,42,91,91,23,-77.029822,13th St & New York Ave NW,38.900283,31227,"Washington, DC"
87,42,92,92,33,-77.023086,8th & H St NW,38.8997,31228,"Washington, DC"
88,42,93,93,19,-76.99353396892548,10th & Monroe St NE,38.932456900063606,31504,"Washington, DC"
89,42,94,94,23,-77.00495,Eckington Pl & Q St NE,38.910972,31505,"Washington, DC"
90,42,95,95,23,-76.998347,6th & H St NE,38.899972,31615,"Washington, DC"
91,42,96,96,19,-77.001949,3rd & H St NE,38.900412,31616,"Washington, DC"
92,42,97,97,15,-76.982872,Bladensburg Rd & Benning Rd NE,38.900413,31617,"Washington, DC"
93,42,98,98,11,-77.000349,4th & East Capitol St NE,38.889955,31618,"Washington, DC"
94,42,99,99,25,-76.988355,Lincoln Park / 13th & East Capitol St NE ,38.890461,31619,"Washington, DC"
95,42,100,100,11,-76.9599,Branch & Pennsylvania Ave SE,38.8692,31701,"Washington, DC"
96,42,101,101,31,-76.987633,13th & D St NE,38.894832,31622,"Washington, DC"
97,42,102,102,23,-77.038252,New Hampshire Ave & T St NW,38.915544,31229,"Washington, DC"
98,42,103,103,39,-77.027869,Metro Center / 12th & G St NW,38.898364,31230,"Washington, DC"
99,42,104,104,25,-77.031617,14th & D St NW / Ronald Reagan Building,38.894514,31231,"Washington, DC"
100,42,105,105,27,-77.02219069004059,7th & F St NW / National Portrait Gallery,38.89728304853854,31232,"Washington, DC"
101,42,106,106,35,-77.038322,17th & K St NW / Farragut Square,38.902061,31233,"Washington, DC"
102,42,107,107,19,-77.04478,20th & O St NW / Dupont South,38.908905,31234,"Washington, DC"
103,42,108,108,15,-77.016106,4th & D St NW / Judiciary Square,38.895344,31621,"Washington, DC"
104,42,109,109,35,-77.0436,19th St & Constitution Ave NW,38.8923,31235,"Washington, DC"
105,42,110,110,23,-77.071652,37th & O St NW / Georgetown University,38.90774,31236,"Washington, DC"
106,42,112,112,15,-77.053485,25th St & Pennsylvania Ave NW,38.903827,31237,"Washington, DC"
107,42,113,113,55,-77.00493,Columbus Circle / Union Station,38.89696,31623,"Washington, DC"
108,42,114,114,23,-77.009888,North Capitol St & F St NW,38.897446,31624,"Washington, DC"
109,42,115,115,19,-77.027313,11th & M St NW,38.9055785,31266,"Washington, DC"
110,42,116,116,15,-77.070334,36th & Calvert St NW / Glover Park,38.922581,31304,"Washington, DC"
111,42,117,117,23,-77.032278,14th & G St NW,38.898409,31238,"Washington, DC"
112,41,118,118,15,-77.050537,Potomac Ave & 35th St S,38.844015,31052,"Arlington, VA"
113,42,124,124,31,-77.04657,Ohio Dr & West Basin Dr SW / MLK & FDR Memorials,38.88412,31240,"Washington, DC"
114,42,125,125,15,-77.026975,11th & F St NW,38.897857,31262,"Washington, DC"
115,42,126,126,19,-77.049882,23rd & E St NW ,38.896104,31260,"Washington, DC"
116,41,127,127,27,-77.070993,Lynn St & 19th St North,38.897315,31014,"Arlington, VA"
117,41,128,128,19,-77.072305,Wilson Blvd & Ft Myer Dr,38.8946,31015,"Arlington, VA"
118,41,129,129,15,-77.076389,Clarendon Blvd & Pierce St,38.893438,31016,"Arlington, VA"
119,41,130,130,15,-77.0846,Wilson Blvd & N Uhle St,38.891696,31017,"Arlington, VA"
120,41,131,131,12,-77.079375,Rhodes St & 16th St N,38.892164,31018,"Arlington, VA"
121,42,132,132,15,-76.952103,Fairfax Village,38.86559,31706,"Washington, DC"
122,42,133,133,15,-77.046567,21st St & Constitution Ave NW,38.892459,31261,"Washington, DC"
123,41,134,134,15,-77.09186241030693,Wilson Blvd & N Edgewood St,38.889396070923496,31019,"Arlington, VA"
124,42,135,135,19,-77.04368,Columbia Rd & Belmont St NW,38.920669,31113,"Washington, DC"
125,42,136,136,23,-77.03980207443237,Rhode Island & Connecticut Ave NW,38.905995699991145,31239,"Washington, DC"
126,42,137,137,33,-77.0325,Thomas Circle,38.9059,31241,"Washington, DC"
127,41,138,138,12,-77.0889,Wilson Blvd & N Franklin Rd,38.8904,31020,"Arlington, VA"
128,41,139,139,15,-77.09308,Clarendon Blvd & N Fillmore St,38.8881,31021,"Arlington, VA"
129,41,140,140,21,-77.09525674581528,Clarendon Metro / Wilson Blvd & N Highland St,38.88701007722296,31022,"Arlington, VA"
130,42,141,141,27,-77.041539,18th St & Pennsylvania Ave NW,38.89968,31242,"Washington, DC"
131,42,142,142,39,-77.01770067214966,4th & C St SW,38.88637194054526,31243,"Washington, DC"
132,42,143,143,19,-77.017445,4th & E St SW,38.88412,31244,"Washington, DC"
133,42,144,144,19,-77.001828,3rd & G St SE,38.881185,31625,"Washington, DC"
134,42,145,145,15,-77.022155,7th & R St NW / Shaw Library,38.912719,31245,"Washington, DC"
135,42,146,146,15,-77.0251,9th & Upshur St NW,38.9418,31404,"Washington, DC"
136,42,147,147,15,-77.012289,1st & Rhode Island Ave NW,38.915417,31506,"Washington, DC"
137,42,148,148,27,-77.0237946510315,Columbia Rd & Georgia Ave NW,38.92812111132096,31115,"Washington, DC"
138,42,149,149,19,-77.04062,California St & Florida Ave NW,38.917761,31116,"Washington, DC"
139,42,150,150,19,-76.93723,Benning Rd & East Capitol St NE / Benning Rd Metro,38.889935,31707,"Washington, DC"
140,42,151,151,15,-77.055599,3000 Connecticut Ave NW / National Zoo,38.930282,31307,"Washington, DC"
141,42,152,152,15,-76.96012,Anacostia Ave & Benning Rd NE / River Terrace ,38.896544,31708,"Washington, DC"
142,42,153,153,19,-77.056887,M St & Pennsylvania Ave NW,38.905126,31246,"Washington, DC"
143,42,154,154,15,-76.983569,15th St & Massachusetts Ave SE,38.88732,31626,"Washington, DC"
144,42,155,155,15,-76.987823,Congress Heights Metro,38.844711,31806,"Washington, DC"
145,41,156,156,12,-77.107735,N Quincy St & Glebe Rd,38.876393,31035,"Arlington, VA"
146,41,157,157,11,-77.1009886264801,Barcroft Community Center,38.85033657788445,31033,"Arlington, VA"
147,41,158,158,16,-77.086502,N Veitch St & 20th St N,38.896923,31029,"Arlington, VA"
148,42,159,159,23,-77.02622,10th & K St NW,38.9024,31263,"Washington, DC"
149,41,160,160,12,-77.097745,Fairfax Dr & Wilson Blvd,38.885801,31023,"Arlington, VA"
150,41,161,161,17,-77.07857,Wilson Blvd & N Quinn St,38.893993,31027,"Arlington, VA"
151,42,162,162,15,-77.00572729110718,1st & K St SE,38.878854378063295,31628,"Washington, DC"
152,42,163,163,19,-77.077271,39th & Calvert St NW / Stoddert,38.922649,31306,"Washington, DC"
153,42,164,164,15,-77.012457,1st & Washington Hospital Center NW,38.928743,31507,"Washington, DC"
154,41,165,165,19,-77.103148,Virginia Square Metro / Monroe St & 9th St N,38.882788,31024,"Arlington, VA"
155,41,166,166,12,-77.10783,Central Library / Quincy St & 10th St N,38.88397,31025,"Arlington, VA"
156,41,167,167,15,-77.093485,Washington Blvd & 10th St N,38.884734,31026,"Arlington, VA"
157,42,168,168,23,-77.032427,Jefferson Dr & 14th St SW,38.8885525,31247,"Washington, DC"
158,42,169,169,35,-77.028694,Smithsonian-National Mall / Jefferson Dr & 12th St SW,38.888774,31248,"Washington, DC"
159,41,170,170,15,-77.1207,George Mason Dr & Wilson Blvd,38.87887,31036,"Arlington, VA"
160,42,171,171,19,-77.01994,6th St & Indiana Ave NW,38.894573,31264,"Washington, DC"
161,41,172,172,11,-77.086063,N Veitch St & Key Blvd,38.893237,31028,"Arlington, VA"
162,41,173,173,15,-77.089006,Langston Blvd & N Adams St,38.89593,31030,"Arlington, VA"
163,41,174,174,15,-77.08095,15th St & N Scott St,38.89054,31031,"Arlington, VA"
164,41,175,175,11,-77.090792,Washington Blvd & 7th St N,38.88081,31032,"Arlington, VA"
165,41,176,176,23,-77.111768,Ballston Metro / Stuart St & 9th St N,38.881044,31037,"Arlington, VA"
166,41,177,177,15,-77.109366,Fairfax Dr & N Randolph St,38.882629,31034,"Arlington, VA"
167,42,178,178,23,-77.037413,Jefferson Memorial,38.879819,31249,"Washington, DC"
168,42,179,179,15,-76.985238,Good Hope Rd & 14th St SE,38.866611,31803,"Washington, DC"
169,41,180,180,11,-77.116817,Glebe Rd & 11th St N,38.883921,31038,"Arlington, VA"
170,41,181,181,15,-77.107854,Wilson Blvd & N Quincy St,38.880012,31039,"Arlington, VA"
171,41,182,182,11,-77.10108,GMU / Fairfax Dr & Kenmore St,38.884616,31040,"Arlington, VA"
172,42,183,183,19,-76.9941,Gallaudet / 8th St & Florida Ave NE,38.90509,31508,"Washington, DC"
173,42,185,185,19,-77.044789,20th & L St NW,38.903584,31250,"Washington, DC"
174,42,186,186,19,-77.0284,12th & L St NW,38.903819,31251,"Washington, DC"
175,42,187,187,19,-77.046564,21st St & Pennsylvania Ave NW,38.901539,31252,"Washington, DC"
176,42,188,188,23,-77.04337,19th & K St NW,38.902204,31253,"Washington, DC"
177,40,189,189,19,-77.040363,Prince St & Union St,38.803124,31041,"Alexandria, VA"
178,40,190,190,15,-77.043363,Market Square / King St & Royal St,38.804718,31042,"Alexandria, VA"
179,40,191,191,15,-77.0446327328682,St Asaph & Pendleton St,38.81074147938705,31043,"Alexandria, VA"
180,40,192,192,15,-77.049883,King St & Patrick St,38.805317,31044,"Alexandria, VA"
181,42,193,193,27,-77.03353,15th & K St NW,38.902,31254,"Washington, DC"
182,40,194,194,15,-77.05293,Commerce St & Fayette St,38.805648,31045,"Alexandria, VA"
183,40,195,195,17,-77.050276,Henry St & Pendleton St,38.811456,31046,"Alexandria, VA"
184,40,196,196,29,-77.052808,Braddock Rd Metro North,38.814577,31047,"Alexandria, VA"
185,40,197,197,23,-77.060626745224,King St Metro South,38.80576284873485,31048,"Alexandria, VA"
186,42,198,198,15,-77.05152,24th & N St NW,38.9066,31255,"Washington, DC"
187,42,199,199,15,-77.026064,10th & E St NW,38.895914,31256,"Washington, DC"
188,42,200,200,15,-77.048911,22nd & I St NW / Foggy Bottom,38.90088,31257,"Washington, DC"
189,41,201,201,11,-77.113905,Utah St & 11th St N,38.883669,31049,"Arlington, VA"
190,41,202,202,11,-77.08777,Barton St & 10th St N,38.884961,31050,"Arlington, VA"
191,41,203,203,11,-77.077294,Arlington Blvd & N Queen St,38.889365,31051,"Arlington, VA"
192,42,204,204,25,-77.0494365,Lincoln Memorial,38.888255,31258,"Washington, DC"
193,42,206,206,15,-77.045128,20th St & Virginia Ave NW,38.894722,31259,"Washington, DC"
194,42,207,207,19,-77.018677,5th St & Massachusetts Ave NW,38.90093,31265,"Washington, DC"
195,42,208,208,15,-77.077078,39th & Veazey St NW,38.943837,31308,"Washington, DC"
196,42,209,209,15,-77.082426,Fessenden St & Wisconsin Ave NW,38.954812,31309,"Washington, DC"
197,42,210,210,23,-77.0021304488182,3rd & M St NE,38.905469714943266,31627,"Washington, DC"
198,41,211,211,15,-77.080319,Columbia Pike & S Courthouse Rd,38.863833,31053,"Arlington, VA"
199,41,212,212,11,-77.1125502884388,Wakefield High School,38.847129045742605,31054,"Arlington, VA"
200,41,213,213,15,-77.069275,28th St & S Meade St,38.846222,31055,"Arlington, VA"
201,42,214,214,23,-77.041571,18th St & Wyoming Ave NW,38.918809,31114,"Washington, DC"
202,42,215,215,15,-77.0198142528534,5th & Kennedy St NW,38.956555547721955,31403,"Washington, DC"
203,42,216,216,19,-77.027333,Georgia Ave & Emerson St NW,38.949662,31405,"Washington, DC"
204,42,217,217,19,-77.03267812728882,14th & Upshur St NW,38.942475355602845,31406,"Washington, DC"
205,42,218,218,19,-77.032947,14th St & Colorado Ave NW,38.956432,31407,"Washington, DC"
206,41,219,219,11,-77.075104,Troy St & 26th St S,38.847977,31056,"Arlington, VA"
207,41,220,220,11,-77.085931,Four Mile Run Dr & S Shirlington Rd,38.8444,31057,"Arlington, VA"
208,41,221,221,11,-77.09367156028748,Columbia Pike & Monroe St,38.860343910937175,31058,"Arlington, VA"
209,41,222,222,11,-77.095431,Four Mile Run Dr & S Walter Reed Dr,38.84736,31059,"Arlington, VA"
210,41,223,223,15,-77.089555,S Arlington Mill Dr & Campbell Ave,38.84232,31060,"Arlington, VA"
211,41,224,224,11,-77.084918,Kenmore St & 24th St S,38.848454,31061,"Arlington, VA"
212,44,225,225,15,-77.029417,13th St & Eastern Ave,38.987,32006,"Montgomery County, MD (South)"
213,42,226,226,19,-77.063586,Wisconsin Ave & O St NW,38.90849,31312,"Washington, DC"
214,41,227,227,17,-77.06714,Roosevelt Island,38.896553,31062,"Arlington, VA"
215,42,228,228,23,-77.069956,Connecticut & Nebraska Ave NW,38.955016,31310,"Washington, DC"
216,42,229,229,19,-77.038359,17th St & Massachusetts Ave NW,38.908142,31267,"Washington, DC"
217,42,230,230,15,-77.0352,15th & Euclid St NW,38.92333,31117,"Washington, DC"
218,42,231,231,11,-76.995193,8th & East Capitol St NE,38.889988,31629,"Washington, DC"
219,42,232,232,15,-77.017669,New Jersey Ave & R St NW,38.912659,31509,"Washington, DC"
220,42,233,233,11,-76.983326,15th & East Capitol St NE,38.889908,31630,"Washington, DC"
221,42,234,234,23,-76.994749,8th & F St NE,38.897274,31631,"Washington, DC"
222,42,235,235,15,-76.978924,18th St & Rhode Island Ave NE,38.927095,31510,"Washington, DC"
223,42,236,236,19,-76.983575,15th & F St NE,38.897195,31632,"Washington, DC"
224,42,237,237,15,-76.990955,12th & Irving St NE,38.928644,31511,"Washington, DC"
225,42,239,239,11,-76.99937582015991,Alabama & MLK Ave SE,38.84322988730829,31800,"Washington, DC"
226,42,240,240,11,-76.990037,Pleasant St & MLK Ave SE,38.863897,31807,"Washington, DC"
227,42,241,241,15,-76.987211,Neal St & Trinidad Ave NE,38.903732,31512,"Washington, DC"
228,42,242,242,31,-77.028139,12th & U St NW,38.916787,31268,"Washington, DC"
229,41,243,243,11,-77.105022,S George Mason & Four Mile Run Dr,38.852248,31063,"Arlington, VA"
230,41,244,244,17,-77.039511,Gravelly Point,38.865029,31064,"Arlington, VA"
231,41,245,245,11,-77.08596,Pershing Dr & Wayne St,38.880705,31065,"Arlington, VA"
232,41,246,246,11,-77.072315,Columbia Pike & S Orme St,38.867262,31066,"Arlington, VA"
233,42,247,247,15,-77.001955,3rd St & Pennsylvania Ave SE,38.887378,31269,"Washington, DC"
234,42,248,248,15,-77.02324,8th & D St NW,38.894851,31270,"Washington, DC"
235,42,249,249,15,-77.01597,3rd & Elm St NW,38.917622,31118,"Washington, DC"
236,42,250,250,19,-77.004746,Rhode Island Ave & V St NE,38.918155,31513,"Washington, DC"
237,42,251,251,27,-77.013917,Constitution Ave & 2nd St NW/DOL,38.892275,31271,"Washington, DC"
238,42,252,252,31,-77.013769,Washington & Independence Ave SW/HHS,38.886978,31272,"Washington, DC"
239,42,253,253,15,-77.025762,Independence Ave & L'Enfant Plaza SW/DOE,38.887312,31633,"Washington, DC"
240,42,254,254,15,-76.997194,Hamlin & 7th St NE,38.927497,31514,"Washington, DC"
241,41,255,255,12,-77.086599,Columbia Pike & S Walter Reed Dr,38.862478,31067,"Arlington, VA"
242,41,256,256,15,-77.11153,Arlington Mill Cmty Center / Columbia Pike & S Dinwiddie St,38.856319,31068,"Arlington, VA"
243,41,257,257,11,-77.107906,Pershing Dr & N George Mason Dr,38.871822,31069,"Arlington, VA"
244,44,258,258,15,-77.023082,Fenton St & New York Ave ,38.985404,32001,"Montgomery County, MD (South)"
245,44,259,259,19,-77.097426,Bethesda Ave & Arlington Rd,38.981103,32002,"Montgomery County, MD (South)"
246,44,260,260,11,-77.09221,Montgomery Ave & Waverly St ,38.983838,32003,"Montgomery County, MD (South)"
247,43,261,261,19,-77.192672,Fallsgrove Blvd & Fallsgrove Dr,39.096312,32004,"Montgomery County, MD (North)"
248,43,262,262,19,-77.202501,Traville Gateway Dr & Gudelsky Dr,39.093783,32005,"Montgomery County, MD (North)"
249,44,263,263,11,-77.096539,Norfolk Ave & Fairmont St,38.988562,32000,"Montgomery County, MD (South)"
250,43,264,264,15,-77.151291,E Montgomery Ave & Maryland Ave,39.084125,32007,"Montgomery County, MD (North)"
251,44,265,265,11,-77.098029,Cordell & Norfolk Ave,38.98954,32008,"Montgomery County, MD (South)"
252,43,266,266,9,-77.145213,Frederick Ave & Horners Ln,39.094772,32009,"Montgomery County, MD (North)"
253,44,267,267,15,-77.011336,Philadelphia & Maple Ave,38.98128,32010,"Montgomery County, MD (South)"
254,44,268,268,19,-77.006311,Maple & Ritchie Ave,38.983627,32011,"Montgomery County, MD (South)"
255,44,269,269,19,-77.02912420034409,Silver Spring Metro / Colesville Rd & Wayne Ave,38.995256441231696,32012,"Montgomery County, MD (South)"
256,44,270,270,11,-77.095367,Montgomery & East Ln,38.983525,32013,"Montgomery County, MD (South)"
257,44,271,271,19,-77.085998,Friendship Hts Metro / Wisconsin Ave & Wisconsin Cir,38.961763,32014,"Montgomery County, MD (South)"
258,42,272,272,15,-77.031887,14th & Belmont St NW,38.921074,31119,"Washington, DC"
259,42,273,273,19,-77.0024,3rd & Tingey St SE,38.87501,31634,"Washington, DC"
260,42,274,274,19,-77.025672,10th & Florida Ave NW,38.920387,31120,"Washington, DC"
261,42,275,275,15,-76.994468,Potomac Ave & 8th St SE,38.876737,31635,"Washington, DC"
262,43,277,277,15,-77.188014,Fallsgrove Dr & W Montgomery Ave,39.099376,32016,"Montgomery County, MD (North)"
263,43,278,278,15,-77.149162,Monroe St & Monroe Pl,39.083673,32017,"Montgomery County, MD (North)"
264,43,279,279,15,-77.15741,Needwood Rd & Eagles Head Ct,39.123513,32018,"Montgomery County, MD (North)"
265,44,280,280,15,-77.02935,East West Hwy & Blair Mill Rd,38.990249,32019,"Montgomery County, MD (South)"
266,44,282,282,15,-77.091991,47th & Elm St,38.982456,32021,"Montgomery County, MD (South)"
267,44,283,283,15,-77.04456299543381,Dennis Ave & Amherst Ave,39.02538719623632,32022,"Montgomery County, MD (South)"
268,43,284,284,21,-77.159048,Montgomery College / W Campus Dr & Mannakee St,39.095661,32023,"Montgomery County, MD (North)"
269,44,285,285,11,-77.023854,Fenton St & Gist Ave,38.989724,32024,"Montgomery County, MD (South)"
270,44,286,286,15,-77.01121,Carroll & Westmoreland Ave,38.975,32025,"Montgomery County, MD (South)"
271,44,287,287,15,-77.006472,Carroll & Ethan Allen Ave,38.977933,32026,"Montgomery County, MD (South)"
272,44,288,288,15,-77.100104,Battery Ln & Trolley Trail,38.992375,32027,"Montgomery County, MD (South)"
273,44,289,289,11,-77.100239,Norfolk & Rugby Ave,38.990639,32028,"Montgomery County, MD (South)"
274,44,290,290,11,-77.094589,Offutt Ln & Chevy Chase Dr,38.977093,32029,"Montgomery County, MD (South)"
275,43,293,293,15,-77.141378,Fleet St & Ritchie Pkwy,39.076331,32032,"Montgomery County, MD (North)"
276,43,294,294,19,-77.177091,Piccard & W Gude Dr,39.102212,32033,"Montgomery County, MD (North)"
277,44,295,295,15,-77.03037142753601,Silver Spring Transit Center - Top Level,38.99403485060837,32034,"Montgomery County, MD (South)"
278,44,296,296,11,-77.031555,Georgia Ave & Spring St,38.999388,32035,"Montgomery County, MD (South)"
279,44,297,297,15,-77.025608,Fenton St & Ellsworth Dr ,38.997033,32036,"Montgomery County, MD (South)"
280,43,298,298,18,-77.171487,King Farm Blvd & Pleasant Dr,39.114688,32037,"Montgomery County, MD (North)"
281,43,299,299,15,-77.182669,King Farm Blvd & Piccard Dr,39.110314,32038,"Montgomery County, MD (North)"
282,42,301,301,19,-77.050046,Calvert St & Woodley Pl NW,38.923583,31121,"Washington, DC"
283,42,302,302,19,-77.01536044478416,New Jersey Ave & N St NW/Dunbar HS,38.90733256111448,31636,"Washington, DC"
284,42,303,303,11,-76.931862,Nannie Helen Burroughs Ave & 49th St NE,38.898536,31710,"Washington, DC"
285,42,304,304,15,-76.933099,Deanwood Rec Center,38.908473,31711,"Washington, DC"
286,42,305,305,17,-77.03023,Hains Point/Buckeye & Ohio Dr SW,38.878433,31273,"Washington, DC"
287,41,306,306,11,-77.089233,Arlington Blvd & Fillmore St,38.873755,31070,"Arlington, VA"
288,41,307,307,17,-77.05428,Eads St & 12th St S,38.862753,31071,"Arlington, VA"
289,44,308,308,19,-77.109647,Old Georgetown Rd & Southwick St,38.999634,32039,"Montgomery County, MD (South)"
290,44,309,309,19,-77.088659,Friendship Blvd & Willard Ave,38.96115,32040,"Montgomery County, MD (South)"
291,42,310,310,19,-77.008911,North Capitol St & G Pl NE,38.899703,31637,"Washington, DC"
292,41,311,311,11,-77.0934784,31st St & S Woodrow St,38.8378458,31072,"Arlington, VA"
293,41,312,312,15,-77.082104,Washington Blvd & Walter Reed Dr ,38.873219,31073,"Arlington, VA"
294,41,313,313,15,-77.095596,TJ Cmty Ctr / 2nd St & S Old Glebe Rd,38.869418,31074,"Arlington, VA"
295,42,314,314,15,-77.061977237463,Connecticut Ave & Tilden St NW,38.94113915653008,31313,"Washington, DC"
296,43,315,315,15,-77.196442,Medical Center Dr & Key West Ave,39.103091,32041,"Montgomery County, MD (North)"
297,43,316,316,19,-77.196636,Shady Grove Hospital,39.097636,32042,"Montgomery County, MD (North)"
298,44,317,317,11,-77.023894,Veterans Pl & Pershing Dr ,38.997445,32043,"Montgomery County, MD (South)"
299,43,318,318,13,-77.145803,Rockville Metro East,39.085394,32044,"Montgomery County, MD (North)"
300,42,319,319,15,-77.012108,1st & H St NW,38.900358,31638,"Washington, DC"
301,42,320,320,19,-77.002721,Fort Totten Metro,38.952369,31515,"Washington, DC"
302,42,321,321,19,-77.016855,Takoma Metro,38.975219,31408,"Washington, DC"
303,42,322,322,19,-76.995876,Rhode Island Ave Metro,38.920682,31516,"Washington, DC"
304,41,323,323,11,-77.076131,Rolfe St & 9th St S,38.866471,31075,"Arlington, VA"
305,41,324,324,15,-77.08865851163864,S Randolph St & Campbell Ave,38.84065400672152,31076,"Arlington, VA"
306,43,325,325,19,-77.166093,Shady Grove Metro West,39.119765,32045,"Montgomery County, MD (North)"
307,44,326,326,19,-77.103381,River Rd & Landy Ln,38.964992,32046,"Montgomery County, MD (South)"
308,43,327,327,19,-77.146866,Rockville Metro West,39.084379,32047,"Montgomery County, MD (North)"
309,44,328,328,12,-77.094537,Bethesda Metro / Wisconsin Ave & Old Georgetown Rd,38.984691,32048,"Montgomery County, MD (South)"
310,41,329,329,19,-77.071301,Iwo Jima Memorial / Meade & 14th St N,38.88992,31077,"Arlington, VA"
311,42,330,330,19,-77.0675285,34th & Water St NW,38.9037315,31314,"Washington, DC"
312,40,331,331,15,-77.060866,Duke St & John Carlyle St,38.804378,31081,"Alexandria, VA"
313,41,332,332,15,-77.09169,Langston Blvd & N Cleveland St,38.894941,31079,"Arlington, VA"
314,41,333,333,15,-77.104503,Arlington Blvd & S George Mason Dr,38.869442,31078,"Arlington, VA"
315,42,334,334,23,-77.02623546123505,10th & G St NW,38.89824328774852,31274,"Washington, DC"
316,41,335,335,15,-77.080851,Langston Blvd & N Scott St,38.897612,31080,"Arlington, VA"
317,42,336,336,19,-77.051084,New Hampshire Ave & 24th St NW,38.901755,31275,"Washington, DC"
318,40,337,337,15,-77.068952,Eisenhower Ave & Mill Race Ln,38.801111,31082,"Alexandria, VA"
319,40,338,338,11,-77.047494,Potomac Greens Dr & Slaters Ln,38.82175,31083,"Alexandria, VA"
320,40,339,339,19,-77.063562,Ballenger Ave & Dulaney St,38.802677,31084,"Alexandria, VA"
321,40,340,340,11,-77.057619,Mount Vernon Ave & E Nelson Ave,38.820064,31085,"Alexandria, VA"
322,40,341,341,15,-77.058541,Mount Vernon Ave & E Del Ray Ave,38.82595,31086,"Alexandria, VA"
323,40,342,342,15,-77.053096,Monroe Ave & Leslie Ave,38.820932,31087,"Alexandria, VA"
324,40,343,343,15,-77.059821,Mount Vernon Ave & Kennedy St,38.833077,31088,"Alexandria, VA"
325,41,344,344,21,-77.084801,Court House Metro / 15th St & N Uhle St,38.890612,31089,"Arlington, VA"
326,44,345,345,15,-77.000035,WAU / Flower Ave & Division St,38.986743,32049,"Montgomery County, MD (South)"
327,41,346,346,15,-77.05003,Long Bridge Park / Long Bridge Dr & 6th St S,38.865553,31090,"Arlington, VA"
328,42,347,347,19,-77.07513481378555,Connecticut Ave & McKinley St NW,38.96454350924588,31315,"Washington, DC"
329,42,348,348,23,-77.034918,15th & L St NW,38.903649,31276,"Washington, DC"
330,42,349,349,31,-77.03973233699799,17th & G St NW,38.898282949523605,31277,"Washington, DC"
331,44,350,350,15,-77.034499,Spring St & 2nd Ave,38.997653,32050,"Montgomery County, MD (South)"
332,42,351,351,19,-77.041834,18th & R St NW,38.912648,31278,"Washington, DC"
333,41,352,352,15,-77.063275,Joyce St & 16th St S,38.859254,31091,"Arlington, VA"
334,42,353,353,23,-76.99707,Union Market,38.907908,31517,"Washington, DC"
335,41,354,354,15,-77.104562,Langston Blvd & N Monroe St,38.896456,31092,"Arlington, VA"
336,41,355,355,15,-77.078317,21st St & N Pierce St,38.898984,31093,"Arlington, VA"
337,41,356,356,15,-77.09713,Langston Blvd & N Kirkwood St,38.895377,31094,"Arlington, VA"
338,42,357,357,23,-77.043182,19th & G St NW,38.898412,31279,"Washington, DC"
339,42,358,358,19,-77.00356006622314,2nd St & Seaton Pl NE,38.914751108831155,31522,"Washington, DC"
340,41,359,359,15,-77.12712,Wilson Blvd & N Illinois St ,38.876528,31902,"Arlington, VA"
341,41,364,364,11,-77.06812083721161,Army Navy Dr & S Nash St,38.86215024521491,31095,"Arlington, VA"
342,42,365,365,19,-77.060173,Thomas Jefferson St NW & Water/K St NW,38.902826,31293,"Washington, DC"
343,42,367,367,23,-77.027025,11th & S St NW,38.913761,31280,"Washington, DC"
344,41,368,368,15,-77.08787,Walter Reed Dr & 8th St S,38.86612,31096,"Arlington, VA"
345,42,369,369,23,-77.003666,2nd & G St NE,38.89967,31639,"Washington, DC"
346,42,370,370,19,-77.02277,8th & O St NW,38.90864,31281,"Washington, DC"
347,42,371,371,19,-77.027855,Georgia & Missouri Ave NW,38.961339,31411,"Washington, DC"
348,42,373,373,19,-76.974828,Oklahoma Ave & D St NE,38.894474,31712,"Washington, DC"
349,42,374,374,19,-76.99278563261032,Maryland Ave & E St NE,38.8962260397813,31640,"Washington, DC"
350,42,375,375,23,-76.983683,New York Ave & Hecht Ave NE,38.915604,31518,"Washington, DC"
351,42,376,376,19,-77.08059,Yuma St & Tenley Circle NW,38.946182,31316,"Washington, DC"
352,44,377,377,15,-77.076986,Connecticut Ave & Chevy Chase Lake Dr,38.994113,32051,"Montgomery County, MD (South)"
353,43,378,378,15,-77.194774,Key West Ave & Siesta Key Way,39.105295,32052,"Montgomery County, MD (North)"
354,41,379,379,19,-77.118009,Langston Blvd & N Woodstock St,38.898301,31900,"Arlington, VA"
355,40,380,380,15,-77.044097,Saint Asaph St & Madison St,38.812718,31097,"Alexandria, VA"
356,40,381,381,15,-77.059817,King St Metro North / Cameron St,38.80704,31098,"Alexandria, VA"
357,40,382,382,15,-77.049468,Madison St & N Henry St,38.813485,31099,"Alexandria, VA"
358,44,383,383,19,-77.097882,Medical Center Metro ,38.999378,32053,"Montgomery County, MD (South)"
359,41,384,384,11,-77.127671,Washington Blvd & N Frederick St,38.884829,31901,"Arlington, VA"
360,42,385,385,19,-77.084636,Wisconsin Ave & Ingomar St NW,38.958267,31317,"Washington, DC"
361,42,386,386,19,-77.03625,16th & Irving St NW,38.928893,31122,"Washington, DC"
362,42,387,387,19,-77.036278,16th & R St NW,38.912652,31282,"Washington, DC"
363,44,388,388,15,-77.051168,Lyttonsville Rd & Lyttonsville Pl,38.999679,32054,"Montgomery County, MD (South)"
364,44,389,389,11,-77.093522,Woodmont Ave & Strathmore St,38.979875,32055,"Montgomery County, MD (South)"
365,42,390,390,19,-77.031737,14th & L St NW,38.903658,31283,"Washington, DC"
366,42,391,391,15,-77.012365,1st & O St NW,38.908643,31519,"Washington, DC"
367,42,392,392,19,-77.008133,South Capitol & Atlantic St SW,38.831516,31811,"Washington, DC"
368,42,393,393,19,-77.041544,18th & C St NW,38.893511,31284,"Washington, DC"
369,42,394,394,19,-77.048728,22nd & P ST NW,38.909394,31285,"Washington, DC"
370,44,395,395,19,-77.038721,East West Hwy & 16th St,38.995681,32056,"Montgomery County, MD (South)"
371,40,396,396,15,-77.0447,Royal St & Wilkes St,38.799267,31903,"Alexandria, VA"
372,42,397,397,23,-77.032375,14th & Girard St NW,38.925284,31123,"Washington, DC"
373,40,398,398,19,-77.049265,Potomac Ave & Main Line Blvd,38.822738,31910,"Alexandria, VA"
374,42,399,399,19,-77.02714,11th & O St NW,38.90843,31286,"Washington, DC"
375,42,400,400,23,-77.02601015567778,10th St & L'Enfant Plaza SW,38.88432272414662,31287,"Washington, DC"
376,42,401,401,19,-77.065115,Connecticut Ave & Yuma St NW,38.947156,31318,"Washington, DC"
377,42,402,402,23,-77.003135,2nd St & Massachusetts Ave NE,38.894972,31641,"Washington, DC"
378,40,403,403,23,-77.086031,Radford St & Osage St,38.828437,31908,"Alexandria, VA"
379,41,404,404,19,-77.15642720460892,East Falls Church Metro / Sycamore St & 19th St N,38.88532071975074,31904,"Arlington, VA"
380,41,405,405,15,-77.135271,Kennebec St & 11th St N,38.880992,31905,"Arlington, VA"
381,40,406,406,15,-77.061715,Commonwealth Ave & Oak St,38.812711,31906,"Alexandria, VA"
382,40,407,407,15,-77.06282079219818,Commonwealth Ave & E Monroe Ave,38.82005823354218,31913,"Alexandria, VA"
383,42,408,408,31,-77.0172465,4th St & Madison Dr NW,38.8904955,31288,"Washington, DC"
384,42,409,409,19,-77.049383,Henry Bacon Dr & Lincoln Memorial Circle NW,38.890539,31289,"Washington, DC"
385,42,410,410,19,-77.038325,17th St & Independence Ave SW,38.888097,31290,"Washington, DC"
386,40,411,411,19,-77.0487,Franklin St & S Washington St,38.798133,31907,"Alexandria, VA"
387,40,412,412,15,-77.064016,Mount Vernon Ave & Four Mile Run Park,38.843422,31909,"Alexandria, VA"
388,42,413,413,23,-77.01366662979126,New Jersey Ave & K St NW,38.90257109172293,31642,"Washington, DC"
389,40,414,414,15,-77.063093,Mount Vernon Ave & Bruce St,38.841291,31912,"Alexandria, VA"
390,40,415,415,15,-77.053766,Lee Center,38.797557,31914,"Alexandria, VA"
391,40,416,416,15,-77.047783,Powhatan St & Bashford Ln,38.818748,31915,"Alexandria, VA"
392,40,417,417,19,-77.047844,Potomac Ave & Swann Ave,38.829545,31916,"Alexandria, VA"
393,42,418,418,31,-77.032224,14th & Irving St NW,38.928552,31124,"Washington, DC"
394,42,419,419,25,-77.03445106744766,Vermont Ave & I St NW,38.901136451737045,31291,"Washington, DC"
395,42,420,420,25,-77.080217,Wisconsin Ave & Brandywine St NW,38.949813,31319,"Washington, DC"
396,42,421,421,19,-76.971923,24th & R St NE / National Arboretum,38.91263,31520,"Washington, DC"
397,42,422,422,15,-76.925907,Division Ave & Foote St NE,38.897407,31713,"Washington, DC"
398,42,423,423,23,-76.982359,16th & Q St SE / Anacostia HS,38.870695,31812,"Washington, DC"
399,104,424,424,15,-77.240654,Spring Hill Metro,38.929261,32200,"Fairfax, VA"
400,104,425,425,11,-77.235955,Westpark Dr & Leesburg Pike,38.92403,32201,"Fairfax, VA"
401,104,427,427,11,-77.221179,Tysons One Pl & Chain Bridge Rd,38.919475,32203,"Fairfax, VA"
402,104,428,428,11,-77.222115,Tysons Corner Station,38.920939,32204,"Fairfax, VA"
403,104,429,429,11,-77.217664,Westpark & Jones Branch Dr,38.924437,32205,"Fairfax, VA"
404,104,430,430,13,-77.219261,Jones Branch & Westbranch Dr,38.931911,32206,"Fairfax, VA"
405,104,431,431,11,-77.225394,Westpark & Park Run Dr,38.928919,32207,"Fairfax, VA"
406,104,432,432,11,-77.231825,Tysons West Transit Center,38.932636,32208,"Fairfax, VA"
407,104,433,433,11,-77.338686,North Shore & Cameron Crescent Dr/Crescent Apartments,38.970046,32209,"Fairfax, VA"
408,104,434,434,15,-77.361902,Town Center Pkwy & Bowman Towne Dr,38.962524,32210,"Fairfax, VA"
409,104,435,435,15,-77.358815,Reston Regional Library,38.962095,32211,"Fairfax, VA"
410,104,436,436,15,-77.356324,New Dominion Pkwy & Fountain Dr,38.960574,32212,"Fairfax, VA"
411,104,437,437,15,-77.351649,Sunset Hills & Old Reston Ave,38.955079,32213,"Fairfax, VA"
412,104,438,438,17,-77.359718,Reston Town Center Transit Station,38.957037,32214,"Fairfax, VA"
413,42,439,439,19,-77.005965,1st & D St SE,38.884916,31643,"Washington, DC"
414,104,440,440,19,-77.3393914103508,Wiehle Ave & Reston Station Blvd,38.946607921214984,32215,"Fairfax, VA"
415,104,441,441,19,-77.358741,Library St & Freedom Dr,38.959633,32216,"Fairfax, VA"
416,104,442,442,15,-77.357611,Sunset Hills Rd & Discovery Square,38.95534,32217,"Fairfax, VA"
417,42,443,443,23,-77.048947,22nd St & Constitution Ave NW,38.892441,31292,"Washington, DC"
418,42,444,444,19,-76.913563,61st St & Banks Pl NE,38.891805,31714,"Washington, DC"
419,104,445,445,15,-77.353414,Temporary Rd & Old Reston Ave,38.960084,32218,"Fairfax, VA"
420,104,446,446,15,-77.368416,Reston YMCA,38.955314,32219,"Fairfax, VA"
421,104,447,447,11,-77.340377,Sunset Hills Rd & Isaac Newton Square,38.951443,32220,"Fairfax, VA"
422,41,448,448,15,-77.070862,N Lynn St & Fairfax Dr,38.89386,31917,"Arlington, VA"
423,42,449,449,15,-77.027976,Georgia Ave & Piney Branch Rd NW,38.967505,31414,"Washington, DC"
424,104,450,450,11,-77.227417,Greensboro & International Dr,38.923083,32221,"Fairfax, VA"
425,40,451,451,15,-77.040691,Madison St & Fairfax St,38.812351,31918,"Alexandria, VA"
426,44,452,452,15,-77.016311,Sligo Ave & Carroll Ln,38.990874,32058,"Montgomery County, MD (South)"
427,42,453,453,19,-77.034449,15th & W St NW,38.9190185,31125,"Washington, DC"
428,42,454,454,19,-76.990121,12th St & Pennsylvania Ave SE,38.882489,31644,"Washington, DC"
429,42,455,455,15,-77.002239,3rd St & Riggs Rd NE,38.957463,31412,"Washington, DC"
430,41,456,456,15,-77.112982,Carlin Springs Rd & N Thomas St,38.876695,31919,"Arlington, VA"
431,104,457,457,11,-77.220157,Towers Crescent Dr & Tysons One Pl,38.915246,32222,"Fairfax, VA"
432,42,458,458,19,-76.99840486049652,6th & K St NE,38.90293157359119,31645,"Washington, DC"
433,44,459,459,15,-77.107143,Pooks Hill Rd & Linden Ave,39.014716,32057,"Montgomery County, MD (South)"
434,44,460,460,15,-76.988311,Takoma Park Rec Center,38.98265,32059,"Montgomery County, MD (South)"
435,44,461,461,15,-76.988422,New Hampshire & Kirklynn Ave,38.988101,32061,"Montgomery County, MD (South)"
436,44,462,462,19,-77.05102041363716,Wheaton Metro / Georgia Ave & Reedie Dr,39.038423828518326,32062,"Montgomery County, MD (South)"
437,44,463,463,15,-77.047788,Amherst Ave & Elkins St,39.044887,32063,"Montgomery County, MD (South)"
438,44,464,464,15,-77.048395,Amherst Ave & Prichard Rd,39.035965,32064,"Montgomery County, MD (South)"
439,44,465,465,15,-77.053085,Grandview & Blueridge Ave,39.043272,32065,"Montgomery County, MD (South)"
440,44,466,466,15,-77.04735,Windham Ln & Amherst Ave,39.032029,32066,"Montgomery County, MD (South)"
441,104,467,467,11,-77.340787,North Shore Dr & Village Rd,38.970412,32223,"Fairfax, VA"
442,104,468,468,11,-77.3630940914154,Town Center Pkwy & Sunset Hills Rd,38.955170598044894,32224,"Fairfax, VA"
443,42,469,469,19,-77.016258,3rd & Underwood St NW,38.968834,31413,"Washington, DC"
444,42,470,470,19,-76.979517,18th & Monroe St NE,38.93293,31521,"Washington, DC"
445,42,471,471,19,-77.021741,7th & E St SW,38.88345,31294,"Washington, DC"
446,43,472,472,19,-77.164969,Shady Grove Metro East,39.121327,32067,"Montgomery County, MD (North)"
447,42,473,473,19,-77.065246,Potomac & M St NW,38.905509,31295,"Washington, DC"
448,42,474,474,23,-77.040787,Columbia & Ontario Rd NW,38.924088,31296,"Washington, DC"
449,41,475,475,15,-77.111066,Washington-Liberty High School / N Stafford St & Generals Way,38.888282,31920,"Arlington, VA"
450,41,476,476,15,-77.142317,Westover Library / Washington Blvd & N McKinley Rd,38.886048,31921,"Arlington, VA"
451,41,477,477,15,-77.10201859474182,Columbia Pike & George Mason Dr,38.859305619982344,31923,"Arlington, VA"
452,43,478,478,11,-77.16705948114395,Columbus Ave & Tribeca St,39.12582811177034,32068,"Montgomery County, MD (North)"
453,43,479,479,11,-77.16486,Columbus Ave & Gramercy Blvd,39.12333,32069,"Montgomery County, MD (North)"
454,104,480,480,15,-77.35428035259247,Reston Pkwy & Spectrum Dr,38.964207741006206,32225,"Fairfax, VA"
455,43,481,481,11,-77.20386,Key West Ave & Great Seneca Hwy,39.105642,32070,"Montgomery County, MD (North)"
456,42,482,482,19,-77.054155,Virginia Ave & 25th St NW,38.8995,31297,"Washington, DC"
457,42,483,483,19,-77.034674,15th & M St NW,38.905424,31298,"Washington, DC"
458,42,484,484,19,-77.027112,11th & Girard St NW,38.925636,31126,"Washington, DC"
459,42,485,485,19,-77.04564,Connecticut Ave & R St NW,38.912644,31299,"Washington, DC"
460,41,486,486,15,-77.082089,Wilson Blvd & N Troy St,38.892556,31924,"Arlington, VA"
461,42,487,487,19,-77.087128,American University East Campus,38.936298,31320,"Washington, DC"
462,42,488,488,19,-77.033234,15th St & Constitution Ave NW,38.892244,31321,"Washington, DC"
463,42,490,490,19,-77.050264,23rd & M St NW,38.905303,31128,"Washington, DC"
464,43,491,491,15,-77.192645,Corporate Blvd & Omega Dr,39.106971,32071,"Montgomery County, MD (North)"
465,43,492,492,11,-77.202354,Key West Ave & Diamondback Dr,39.106152,32072,"Montgomery County, MD (North)"
466,42,493,493,19,-76.98185,Alabama Ave & Stanton Rd SE / Shops at Park Village,38.84627,31813,"Washington, DC"
467,42,494,494,19,-76.97557,Mississippi Ave & 19th St SE / THEARC,38.84377,31814,"Washington, DC"
468,42,495,495,11,-76.97703,19th & Savannah St SE,38.84623,31815,"Washington, DC"
469,42,496,496,19,-77.0009,4th St & Mississippi Ave SE,38.836,31816,"Washington, DC"
470,42,497,497,19,-77.005497,1st & S Capitol St SE / Oxon Run Trail,38.824481,31817,"Washington, DC"
471,42,498,498,15,-77.00223,Livingston Rd & 3rd St SE,38.82373,31818,"Washington, DC"
472,42,499,499,19,-77.01033,Joliet St & MLK Ave SW/Bald Eagle Rec Ctr,38.81909,31819,"Washington, DC"
473,42,500,500,15,-76.949709,37th & Ely Pl SE,38.883011,31715,"Washington, DC"
474,42,501,501,19,-77.0333808660507,15th St & Pennsylvania Ave NW,38.89646474748647,31129,"Washington, DC"
475,42,505,505,15,-77.025236,Maine Ave & 9th St SW,38.88044,31646,"Washington, DC"
476,42,506,506,19,-77.0078,Lincoln Rd & Seaton Pl NE/Harry Thomas Rec Center,38.915,31523,"Washington, DC"
477,44,507,507,15,-77.05006,Blueridge Ave & Elkin St,39.04313,32073,"Montgomery County, MD (South)"
478,42,508,508,19,-77.02791,Georgia Ave & Kennedy St NW,38.95674,31415,"Washington, DC"
479,42,509,509,19,-76.99602,7th St & Massachusetts Ave NE,38.89222,31647,"Washington, DC"
480,42,510,510,19,-76.9834,Anacostia Park,38.87335,31820,"Washington, DC"
481,43,511,511,14,-77.120776,Twinbrook Metro,39.062041,32074,"Montgomery County, MD (North)"
482,43,512,512,25,-77.11287,White Flint Metro,39.04753,32075,"Montgomery County, MD (North)"
483,43,513,513,15,-77.10933,Citadel Ave & McGrath Blvd,39.049,32076,"Montgomery County, MD (North)"
484,43,514,514,15,-77.11368,Rockville Pike & Old Georgetown Rd,39.049765,32077,"Montgomery County, MD (North)"
485,43,515,515,16,-77.1135,Woodglen Dr & Executive Blvd,39.04317,32078,"Montgomery County, MD (North)"
486,43,516,516,15,-77.1257,Executive Blvd & E Jefferson St,39.04873,32079,"Montgomery County, MD (North)"
487,43,517,517,15,-77.113454,Fishers Ln & Rock Creek Mill Rd,39.0629,32080,"Montgomery County, MD (North)"
488,43,518,518,15,-77.129235,Congressional Ln & E Jefferson St,39.06219,32081,"Montgomery County, MD (North)"
489,44,519,519,15,-77.00077,Garland Ave & Walden Rd,39.00048,32082,"Montgomery County, MD (South)"
490,104,520,520,13,-77.23034,Greensboro & Pinnacle Dr,38.92245,32227,"Fairfax, VA"
491,133,521,521,15,-76.843263,1301 McCormick Dr / Wayne K. Curry Admin Bldg,38.908391,32400,Prince George's County
492,133,522,522,17,-76.844604,Largo Town Center Metro,38.899811,32401,Prince George's County
493,133,523,523,17,-76.937349,Baltimore Ave & Van Buren St / Riverdale Park Station,38.969581,32402,Prince George's County
494,133,524,524,15,-76.940133,Baltimore Ave & Jefferson St,38.95548,32403,Prince George's County
495,133,525,525,15,-76.960054,Perry & 35th St,38.936213,32404,Prince George's County
496,42,527,527,23,-77.01081544160843,Potomac Ave & Half St SW,38.86968314861632,31648,"Washington, DC"
497,133,530,530,15,-76.825535,Largo Rd & Campus Way / Prince Georges's Comm Col,38.88994,32405,Prince George's County
498,42,531,531,19,-76.984512,Stanton Square SE,38.855004,31822,"Washington, DC"
499,42,532,532,19,-77.032956,14th & Newton St NW,38.931991,31649,"Washington, DC"
500,42,533,533,19,-77.0957824587822,48th Pl & MacArthur Blvd NW,38.9170363119413,31322,"Washington, DC"
501,42,534,534,19,-77.033509,14th & Luzon St NW,38.969489,31416,"Washington, DC"
502,42,535,535,19,-77.006072,1st & M St SE,38.876893,31650,"Washington, DC"
503,133,536,536,15,-77.016059,Fleet St & Waterfront St,38.782633,32406,Prince George's County
504,133,537,537,15,-77.00103,Oxon Hill Park & Ride,38.798749,32407,Prince George's County
505,42,538,538,19,-77.02824711799622,11th & Park Rd NW,38.93132185874559,31651,"Washington, DC"
506,42,539,539,19,-77.000736,4th & M St SE,38.876751,31652,"Washington, DC"
507,42,540,540,19,-77.02154964208603,Kansas Ave & Sherman Cr NW,38.94796174822241,31417,"Washington, DC"
508,104,541,541,11,-77.335425,Campus Commons,38.944707,32228,"Fairfax, VA"
509,104,542,542,11,-77.226644,Park Run & Onyx Dr,38.92755,32229,"Fairfax, VA"
510,42,543,543,19,-77.021392,7th & K St NW,38.902674,31653,"Washington, DC"
511,42,544,544,19,-77.012443,King Greenleaf Rec Center,38.876211,31654,"Washington, DC"
512,42,545,545,19,-76.986813,Montello Ave & Holbrook Terr NE,38.907444,31524,"Washington, DC"
513,42,546,546,33,-77.011616,New Jersey Ave & F St NW,38.897108,31655,"Washington, DC"
514,42,547,547,19,-76.978627,Maryland Ave & 17th St NE,38.901935,31656,"Washington, DC"
515,42,548,548,19,-76.998273,Massachusetts Ave & 6th St NE,38.892934,31657,"Washington, DC"
516,42,549,549,23,-77.051833,Woodley Park Metro / Calvert St & Connecticut Ave NW,38.923389,31323,"Washington, DC"
517,104,550,550,19,-77.20812678337097,McLean Metro,38.92400207520182,32230,"Fairfax, VA"
518,42,551,551,19,-76.983221,Trinidad Rec Center,38.906299,31525,"Washington, DC"
519,42,552,552,19,-76.979634,Rosedale Rec Center,38.897808,31658,"Washington, DC"
520,42,553,553,19,-76.991476,11th & C St SE,38.885908,31659,"Washington, DC"
521,42,554,554,19,-77.012808,New Hampshire & Gallatin St NW,38.951596,31418,"Washington, DC"
522,42,555,555,19,-76.983144,United Medical Center,38.835737,31823,"Washington, DC"
523,42,556,556,19,-77.041829,18th & New Hampshire Ave NW,38.911268,31324,"Washington, DC"
524,104,560,560,19,-77.2283,Dunn Loring Metro,38.8828,32231,"Fairfax, VA"
525,133,561,561,15,-76.946361,Oglethorpe St & 42nd Ave,38.959361,32408,Prince George's County
526,133,562,562,15,-76.9753,Southern Ave Metro,38.840107,32409,Prince George's County
527,133,563,563,15,-76.9595,Queens Chapel & Hamilton St,38.9546,32410,Prince George's County
528,133,564,564,15,-76.952199,Northwestern High School,38.975505,32411,Prince George's County
529,133,565,565,15,-76.995227,New Hampshire Ave & East-West Hwy,38.974205,32412,Prince George's County
530,133,566,566,15,-76.955047,Rhode Island Ave & 39th St / Brentwood Arts Exchange,38.939271,32413,Prince George's County
531,133,567,567,17,-76.9807,Riggs Rd & East West Hwy,38.9725,32414,Prince George's County
532,133,568,568,15,-77.0026,Tanger Outlets,38.7968,32415,Prince George's County
533,133,569,569,15,-76.995922,Chillum Rd & Riggs Rd / Riggs Plaza,38.961737,32416,Prince George's County
534,133,570,570,15,-76.9493,Hyattsville Library / Adelphi Rd & Toledo Rd,38.9698,32417,Prince George's County
535,152,571,571,12,-77.19268798828125,Meridian High School / Haycock Rd & Leesburg Pike,38.89641882214797,32600,"Falls Church, VA"
536,152,572,572,12,-77.170032,State Theatre / Park Pl & N Washington St,38.882746,32601,"Falls Church, VA"
537,152,573,573,12,-77.179832,N Oak St & W Broad St,38.88837,32602,"Falls Church, VA"
538,152,574,574,12,-77.176992,Pennsylvania Ave & Park Ave,38.887403,32603,"Falls Church, VA"
539,152,575,575,12,-77.171891,E Fairfax St & S Washington St,38.880612,32604,"Falls Church, VA"
540,152,576,576,12,-77.153953,N Roosevelt St & Roosevelt Blvd,38.878085,32606,"Falls Church, VA"
541,152,577,577,12,-77.173438,W Broad St & Little Falls St,38.883601,32605,"Falls Church, VA"
542,152,578,578,12,-77.178408,S Maple Ave & S Washington St,38.87972,32607,"Falls Church, VA"
543,152,579,579,12,-77.173605,Falls Church City Hall / Park Ave & Little Falls St,38.885434,32608,"Falls Church, VA"
544,152,580,580,12,-77.166917,W Columbia St & N Washington St,38.885621,32609,"Falls Church, VA"
545,104,581,581,19,-77.1887,West Falls Church Metro,38.9001,32232,"Fairfax, VA"
546,104,582,582,11,-77.215624,Jones Branch Drive & Scotts Crossing Rd,38.928502,32233,"Fairfax, VA"
547,42,583,583,19,-77.0235,Georgia Ave & Morton St NW,38.932128,31419,"Washington, DC"
548,104,584,584,11,-77.230681,Merrilee Dr & Lauren Elizabeth Lane,38.879355,32234,"Fairfax, VA"
549,104,585,585,11,-77.22997,Merrifield Cinema & Merrifield Town Center,38.870093,32235,"Fairfax, VA"
550,42,586,586,19,-76.9859,Rhode Island & Montana Ave NE,38.9243,31526,"Washington, DC"
551,42,587,587,19,-77.02159523963928,7th & S St NW,38.914173639930105,31130,"Washington, DC"
552,42,588,588,15,-77.008798,North Capitol & R St NE,38.912524,31527,"Washington, DC"
553,42,589,589,19,-77.038684,17th & Upshur St NW,38.942146,31420,"Washington, DC"
554,42,590,590,19,-77.01822102069855,Grant Circle,38.942024743273045,31421,"Washington, DC"
555,42,591,591,27,-77.032687,14th & Otis Pl NW,38.934405,31131,"Washington, DC"
556,42,592,592,19,-76.997226,John McCormack Rd NE,38.938889,31528,"Washington, DC"
557,133,593,593,17,-76.968084,West Hyattsville Metro,38.955349,32418,Prince George's County
558,133,594,594,19,-76.913188,Capitol Heights Metro,38.888524,32419,Prince George's County
559,133,595,595,17,-76.954803,Prince George's Plaza Metro,38.965742,32420,Prince George's County
560,133,596,596,17,-76.935578,Riverdale Park Town Center,38.962119,32421,Prince George's County
561,133,597,597,17,-76.954171,The Mall at Prince Georges,38.968842,32422,Prince George's County
562,44,598,598,11,-77.0510969,Wheaton Library & Community Rec Center,39.0473228,32084,"Montgomery County, MD (South)"
563,42,599,599,15,-77.002098,Edgewood Rec Center,38.924144,31529,"Washington, DC"
564,42,601,601,15,-76.99514991079923,8th & K St NE,38.90273216425078,31660,"Washington, DC"
565,42,602,602,19,-76.9678448436025,Kingman Island/The Fields at RFK,38.89595455700754,31716,"Washington, DC"
566,42,603,603,19,-76.9472873210907,Kenilworth Terrace & Hayes St. NE,38.90046848783359,31717,"Washington, DC"
567,133,604,604,15,-77.0167,National Harbor Carousel,38.7859,32423,Prince George's County
568,42,605,605,19,-76.99358886515256,Valley Ave & Wheeler Rd SE,38.83664578175751,31824,"Washington, DC"
569,42,606,606,19,-76.94098126958124,Ridge Rd Community Center,38.876227445751475,31718,"Washington, DC"
570,42,607,607,19,-76.97768801437633,Fort Stanton Rec Center,38.85736903758752,31825,"Washington, DC"
571,42,608,608,19,-77.07432264076488,Reservoir Rd & 38th St NW,38.91261359469192,31325,"Washington, DC"
572,42,609,609,17,-77.04885238395946,22nd & H St NW,38.89892546716842,31127,"Washington, DC"
573,42,610,610,19,-76.99489653110504,8th & H St NE,38.899941626884754,31661,"Washington, DC"
574,42,611,611,17,-77.08564639091492,Hardy Rec Center,38.90970086204467,31326,"Washington, DC"
575,44,612,612,19,-77.0041217,The Shoppes @ Burnt Mills,39.0313141,32085,"Montgomery County, MD (South)"
576,44,613,613,19,-76.945495,Briggs Chaney & Castle Dr,39.081638,32086,"Montgomery County, MD (South)"
577,44,614,614,15,-76.9757228,White Oak Rec Center,39.0461435,32087,"Montgomery County, MD (South)"
578,44,615,615,23,-76.9418666,Briggs Chaney Park & Ride,39.0778751,32088,"Montgomery County, MD (South)"
579,44,616,616,19,-76.9811552,Stewart & April,39.0449444,32090,"Montgomery County, MD (South)"
580,44,617,617,19,-76.9854381,Stewart Ln & Old Columbia Pike,39.0456521,32091,"Montgomery County, MD (South)"
581,44,618,618,19,-76.9918237,New Hampshire & Lockwood,39.0391022,32089,"Montgomery County, MD (South)"
582,44,619,619,19,-76.940547,Castle Blvd & Castle Ln,39.085314,32092,"Montgomery County, MD (South)"
583,44,620,620,19,-76.9945391,Oak Leaf & Lockwood,39.0379809,32094,"Montgomery County, MD (South)"
584,44,621,621,19,-76.987125,White Oak Transit Center,39.04104,32093,"Montgomery County, MD (South)"
585,41,622,622,12,-77.11456328630447,Wilson Blvd. & N. Vermont St.,38.87947660895433,31926,"Arlington, VA"
586,42,623,623,19,-76.9695094,Oklahoma Ave & Benning Rd NE,38.8974996,31719,"Washington, DC"
587,42,624,624,19,-76.978519,Minnesota Ave & R St SE,38.8693365,31826,"Washington, DC"
588,104,625,625,11,-77.355299,Vy Reston Heights,38.949008,32236,"Fairfax, VA"
589,42,626,626,17,-77.005649,1st & K St NE,38.902386,31662,"Washington, DC"
590,40,628,628,12,-77.100796,Wheeler Ave & S. Floyd St.,38.808161,31927,"Alexandria, VA"
591,40,629,629,19,-77.108938,N. Beauregard St. & Berkley St.,38.840797,31928,"Alexandria, VA"
592,40,630,630,15,-77.049436,Mt Vernon Trail & S. Washington St.,38.7930647,31929,"Alexandria, VA"
593,40,632,632,15,-77.0824626,Eisenhower Ave & Ike Dr,38.802738,31930,"Alexandria, VA"
594,42,633,633,19,-76.985854,Capitol Ave & Kendall St NE,38.910993,31530,"Washington, DC"
595,42,634,634,19,-76.9863852,14th & D St SE,38.8840581,31663,"Washington, DC"
596,42,636,636,15,-77.010551,Half & Water St SW,38.866277,31664,"Washington, DC"
597,42,637,637,19,-77.03188,14th & Q St NW,38.910674,31327,"Washington, DC"
598,42,638,638,19,-77.0296311378479,13th & U St NW,38.91693645323652,31132,"Washington, DC"
599,42,639,639,19,-76.97718724608421,Stadium Armory Metro,38.88548252734069,31665,"Washington, DC"
600,42,640,640,19,-77.06862643361092,Broad Branch Rd & Northampton St NW,38.96577499342219,31422,"Washington, DC"
601,40,641,641,15,-77.04281687736511,N Pitt St & Montgomery St,38.81403111409755,31931,"Alexandria, VA"
602,40,642,642,19,-77.1299434,Van Dorn Metro,38.8000766,31932,"Alexandria, VA"
603,40,643,643,11,-77.040293,Duke St & Strand (Robinson Terminal),38.801947,31933,"Alexandria, VA"
604,42,645,645,19,-77.04691261053085,21st St & G st NW,38.89830173667249,31328,"Washington, DC"
605,42,646,646,19,-77.017658,4th St & G St SW,38.881123,31666,"Washington, DC"
606,42,647,647,19,-77.013821,Kansas Ave & Longfellow St NW,38.958098,31423,"Washington, DC"
607,41,648,648,19,-77.045916,National Airport,38.852903,31935,"Arlington, VA"
608,41,649,649,15,-77.056873,Fern St & Army Navy Dr,38.864838,31936,"Arlington, VA"
609,41,650,650,15,-77.074893,Arlington Blvd & Ft Myer Dr,38.890863,31937,"Arlington, VA"
610,41,651,651,15,-77.059496,23rd St S & Hayes St,38.853002,31938,"Arlington, VA"
611,41,652,652,17,-77.07386,Wilson Blvd & N Oak St,38.895068,31939,"Arlington, VA"
612,41,653,653,16,-77.08426237106323,Arlington Blvd & Fairfax Dr,38.88625606692058,31940,"Arlington, VA"
613,42,654,654,19,-77.013814,2nd & V St SW / James Creek Marina,38.863743,31667,"Washington, DC"
614,42,655,655,19,-77.00591,1st St & Potomac Ave SE,38.871841,31668,"Washington, DC"
615,42,656,656,19,-77.045487,20th & Columbia Rd NW,38.918036,31133,"Washington, DC"
616,42,657,657,23,-77.002161,3rd & M st SE,38.876823,31669,"Washington, DC"
617,42,659,659,19,-76.925315,53rd & D St SE/C.W. Harris Elementary,38.883318,31671,"Washington, DC"
618,40,662,662,11,-77.106111,N Hampton Dr & Ford Ave,38.837306,31941,"Alexandria, VA"
619,40,663,663,15,-77.135788,Whiting & Lane Dr,38.809709,31942,"Alexandria, VA"
620,40,664,664,15,-77.110014,N Howard St & Taney Ave,38.815842,31943,"Alexandria, VA"
621,42,665,665,19,-76.97093,Anacostia Roller Skating Pavillion,38.878771,31720,"Washington, DC"
622,41,667,667,11,-77.051956,S Clark St & 33rd St,38.845028,31944,"Arlington, VA"
623,41,668,668,15,-77.118106,Columbia Pike & S Greenbrier St,38.854019,31945,"Arlington, VA"
624,40,669,669,11,-77.110588,Kenmore Ave & Seminary Rd,38.828887,31946,"Alexandria, VA"
625,41,670,670,21,-77.07145214080809,Rosslyn Metro / Wilson Blvd & N Moore St,38.896086906318665,31947,"Arlington, VA"
626,41,671,671,15,-77.16212,W&OD Trail & Langston Blvd,38.88715,31948,"Arlington, VA"
627,133,672,672,15,-76.878005,Roosevelt Center & Crescent Rd,39.00031,32424,Prince George's County
628,133,673,673,15,-76.891247,Crescent Rd & Ridge Rd,39.006191,32425,Prince George's County
629,133,674,674,11,-76.916243,Greenbelt Station Parkway,39.002459,32426,Prince George's County
630,104,675,675,12,-77.359341,Baron Cameron Ave & North Hampton Ave,38.966344,32237,"Fairfax, VA"
631,104,676,676,12,-77.337775,Ridge Heights Rd & Seahawks Dr,38.936061,32238,"Fairfax, VA"
632,104,677,677,12,-77.329282,Becontree Ln & Goldenrain Ct,38.966848,32239,"Fairfax, VA"
633,104,678,678,12,-77.326761,Ring Rd & North Shore Dr,38.970807,32240,"Fairfax, VA"
634,104,679,679,12,-77.351837,Reston Pkwy & Bennington Woods Rd,38.973625,32241,"Fairfax, VA"
635,104,680,680,12,-77.334359,Inlet Ct & Wiehle Dr,38.965979,32242,"Fairfax, VA"
636,104,681,681,12,-77.342546,Fairway Dr & Hook Rd,38.963314,32243,"Fairfax, VA"
637,104,682,682,12,-77.348487,Vantage Hill Rd & Wainwright Dr,38.9667,32244,"Fairfax, VA"
638,104,684,684,12,-77.339295,Links Dr & Wedge Dr,38.959025,32245,"Fairfax, VA"
639,104,685,685,12,-77.353552,Golf Course Sq and Golf Course Dr,38.944013,32246,"Fairfax, VA"
640,104,686,686,12,-77.362304,South Lakes Dr and Reston Pkwy,38.94335,32247,"Fairfax, VA"
641,104,687,687,12,-77.354067,Olde Crafts Dr and Cartwright Pl,38.938797,32248,"Fairfax, VA"
642,104,688,688,12,-77.36786842346191,Green Range Dr and Glade Dr,38.93714618600706,32249,"Fairfax, VA"
643,104,689,689,12,-77.366499,South Gate Community Center,38.941496,32250,"Fairfax, VA"
644,104,690,690,12,-77.35345423221588,Lake Newport Rd and Autumn Ridge Cir,38.97850255151454,32251,"Fairfax, VA"
645,104,691,691,12,-77.331653,Ridge Heights and Owl Cove Ln,38.933923,32252,"Fairfax, VA"
646,104,692,692,12,-77.345874,Soapstone Dr Convenience Center,38.93051,32253,"Fairfax, VA"
647,41,693,693,11,-77.077201,Columbia Pike & S Scott St/12th St S,38.863556,31949,"Arlington, VA"
648,42,694,694,19,-77.005174,St. Elizabeths West Campus/DHS,38.853124,31827,"Washington, DC"
649,41,695,695,12,-77.04409494996071,Long Bridge Aquatic Center,38.87056104566178,31950,"Arlington, VA"
650,41,696,696,12,-77.116339,8th Rd & S Frederick St,38.857049,31951,"Arlington, VA"
651,42,697,697,19,-76.9960230588913,MBT & Bryant St NE,38.92240364115446,31531,"Washington, DC"
652,40,698,698,15,-77.105564,N Howard St & N Imboden St,38.818509,31952,"Alexandria, VA"
653,104,701,701,11,-77.222808,Hartland Rd & Harte Pl,38.878601,32255,"Fairfax, VA"
654,104,702,702,12,-77.341823,North Village and Park Garden,38.983199,32256,"Fairfax, VA"
655,42,704,704,19,-77.022684,8th & V St NW,38.917716,31134,"Washington, DC"
656,42,705,705,19,-77.038566,17th & P St NW,38.909858,31330,"Washington, DC"
657,42,706,706,19,-77.103662,Arizona Ave & MacArthur Blvd NW,38.927294,31331,"Washington, DC"
658,42,707,707,19,-77.027171,11th & V st NW,38.918199,31332,"Washington, DC"
659,42,708,708,19,-77.00069814920425,4th & Florida Ave NE,38.90731645057457,31532,"Washington, DC"
660,40,709,709,15,-77.132334,S Pickett St & Shillings St,38.804486,31953,"Alexandria, VA"
661,40,710,710,15,-77.109975,S Jordan St & Venable St,38.811361,31954,"Alexandria, VA"
662,40,711,711,16,-77.055911,King St & Peyton St,38.806002,31955,"Alexandria, VA"
663,42,712,712,19,-76.992725,10th & H St NE,38.899984,31672,"Washington, DC"
664,40,713,713,11,-77.060899,Reed & Edison,38.83728,31956,"Alexandria, VA"
665,40,715,715,16,-77.085066,King St & Kenwood Ave,38.824793,31957,"Alexandria, VA"
666,40,716,716,12,-77.048043,S Washington St & Wilkes St,38.800703,31958,"Alexandria, VA"
667,40,717,717,19,-77.049772,Main Line Blvd & E Glebe,38.832431,31959,"Alexandria, VA"
668,40,718,718,16,-77.05727398395538,Commonwealth and Reed,38.8368376462948,31960,"Alexandria, VA"
669,40,719,719,11,-77.116206,Fillmore & Bisdorf,38.83863,31961,"Alexandria, VA"
670,40,720,720,15,-77.088985,King St & W Braddock Rd,38.827674,31962,"Alexandria, VA"
671,40,721,721,15,-77.11893,Holmes Run Pkwy & N Pickett St,38.814305,31963,"Alexandria, VA"
672,40,722,722,11,-77.093879,Virginia Theological Seminary,38.820152,31964,"Alexandria, VA"
673,40,724,724,16,-77.10994,Duke St & Jordan St,38.812187,31966,"Alexandria, VA"
674,40,725,725,15,-77.128908,S Reynolds St & Edsall Rd,38.809607,31967,"Alexandria, VA"
675,40,726,726,15,-77.04467564821243,King St & N Pitt St,38.8048011316311,31968,"Alexandria, VA"
676,40,727,727,19,-77.053734,Braddock Rd Metro South,38.813474,31969,"Alexandria, VA"
677,42,728,728,19,-77.03665,16th & Harvard St NW,38.926102,31135,"Washington, DC"
678,40,729,729,16,-77.050105,First St & Fayette St,38.817019,31970,"Alexandria, VA"
679,41,730,730,15,-77.084259,Penrose Sq/Columbia Pike & S Barton St,38.863508,31971,"Arlington, VA"
680,41,731,731,15,-77.098093,S Wakefield St & 28th Rd S,38.84404,31972,"Arlington, VA"
